Recipe Title,Recipe URL,"Would Make Again" %,Tips Count
Crab Cakes Eggs Benedict Recipe by Tasty,https://tasty.co/recipe/crab-cakes-eggs-benedict,83,10
3-Hour Burger Recipe by Tasty,https://tasty.co/recipe/3-hour-burger,92,10
Homemade Vegan Burger With Vegan Aioli Recipe by Tasty,https://tasty.co/recipe/homemade-vegan-burger-with-vegan-aioli,64,9
The Best Ever Vegan Burger Recipe by Tasty,https://tasty.co/recipe/the-best-ever-vegan-burger,88,25
Gobi Manchurian Recipe by Tasty,https://tasty.co/recipe/gobi-manchurian,84,25
Sweet Potato Chicken Stir-fry With Peanut Sauce Recipe by Tasty,https://tasty.co/recipe/sweet-potato-chicken-stir-fry-with-peanut-sauce,92,14
Dairy-Free Vegetarian Stroganoff Recipe by Tasty,https://tasty.co/recipe/dairy-free-vegetarian-stroganoff,93,13
One-Pot Broccoli Cheddar Soup Recipe by Tasty,https://tasty.co/recipe/one-pot-broccoli-cheddar-soup,97,461
Veggie Chili Cornbread Casserole Recipe by Tasty,https://tasty.co/recipe/veggie-chili-cornbread-casserole,97,41
Roasted Cauliflower And Curry Soup Recipe by Tasty,https://tasty.co/recipe/roasted-cauliflower-and-curry-soup,89,73
Eggplant Potato Tomato Stew Recipe by Tasty,https://tasty.co/recipe/eggplant-potato-tomato-stew,97,117
One Whole Chicken- Three Different Meals,https://tasty.co/recipe/one-whole-chicken-three-different-meals,92,6
Dominican Pasteles En Hoja As Made By Julissa Calderon Recipe by Tasty,https://tasty.co/recipe/dominican-pasteles-en-hoja-as-made-by-julissa-calderon,80,2
Whiskey-Glazed Chicken And Shrimp With Garlic Mashed Potatoes,https://tasty.co/recipe/whiskey-glazed-chicken-and-shrimp-with-garlic-mashed-potatoes,99,55
Pastelón Recipe by Tasty,https://tasty.co/recipe/pastelon,94,46
Chili Mac 'N' Cheese Pops Recipe by Tasty,https://tasty.co/recipe/chili-mac-n-cheese-pops,76,3
Scalloped Potato Roll Recipe by Tasty,https://tasty.co/recipe/scalloped-potato-roll,96,266
Hash Brown Bombs Recipe by Tasty,https://tasty.co/recipe/hash-brown-bombs,78,21
Yellow Squash Lasagna Recipe by Tasty,https://tasty.co/recipe/yellow-squash-lasagna,93,13
Lasagna Dome Recipe by Tasty,https://tasty.co/recipe/lasagna-dome,91,52
Mushroom Wellington Recipe by Tasty,https://tasty.co/recipe/mushroom-wellington,96,100
Chicken Pot Pie Domes Recipe by Tasty,https://tasty.co/recipe/chicken-pot-pie-domes,99,73
Freeze & Bake Chicken Pot Pies Recipe by Tasty,https://tasty.co/recipe/freeze-bake-chicken-pot-pies,99,76
Dairy-Free Broccolini “Cheddar” Quiche Recipe by Tasty,https://tasty.co/recipe/dairy-free-broccolini-cheddar-quiche,40,8
Garden Vegetable Vegan Quiche Recipe by Tasty,https://tasty.co/recipe/garden-vegetable-vegan-quiche,95,18
Virgin Islands Pates Recipe by Tasty,https://tasty.co/recipe/virgin-islands-pates,96,19
Cheddar Biscuit Chicken Pot Pie Recipe by Tasty,https://tasty.co/recipe/cheddar-biscuit-chicken-pot-pie,97,128
Marranito Cookies Recipe by Tasty,https://tasty.co/recipe/marranito-cookies,79,21
Homemade Whole Wheat Pastry Tarts Recipe by Tasty,https://tasty.co/recipe/homemade-whole-wheat-pastry-tarts,91,31
Tasty 101 Cinnamon Rolls Recipe by Tasty,https://tasty.co/recipe/tasty-101-cinnamon-rolls,97,590
Pumpkin Spiced Latte Cinnamon Rolls Recipe by Tasty,https://tasty.co/recipe/pumpkin-spice-latte-rolls,94,57
Homemade Cinnamon Rolls,https://tasty.co/recipe/homemade-cinnamon-rolls,98,1972
Fettuccine Alfredo–stuffed Garlic Bread Recipe by Tasty,https://tasty.co/recipe/fettuccine-alfredo-stuffed-garlic-bread,69,16
Rainbow Sheet-Pan Pizza Recipe by Tasty,https://tasty.co/recipe/rainbow-sheet-pan-pizza,90,28
Bacon-Wrapped Parmesan Garlic Knots Recipe by Tasty,https://tasty.co/recipe/bacon-wrapped-parmesan-garlic-knots,95,20
Arugula- Peach- And Goat Cheese Flatbread Recipe by Tasty,https://tasty.co/recipe/arugula-peach-and-goat-cheese-flatbread,96,16
Deep Dish Pizza,https://tasty.co/recipe/deep-dish-pizza,96,71
Chicken Alfredo Bread Boat Recipe by Tasty,https://tasty.co/recipe/chicken-alfredo-bread-boat,86,15
Easter Savory Pie (Pizza Rustica) Recipe by Tasty,https://tasty.co/recipe/easter-savory-pie-pizza-rustica,91,23
Double-stuffed Sheet-Pan Pizza Recipe by Tasty,https://tasty.co/recipe/double-stuffed-sheet-pan-pizza,91,30
The Ultimate Dinner Rolls Recipe by Tasty,https://tasty.co/recipe/the-ultimate-dinner-rolls,97,314
Kkwabaegi Recipe by Tasty,https://tasty.co/recipe/kkwabaegi,95,56
Gluten-Free Grilled Flatbread Pizzas Recipe by Tasty,https://tasty.co/recipe/gluten-free-grilled-flatbread-pizzas,73,2
Chicken Cheddar Broccoli Pockets Recipe by Tasty,https://tasty.co/recipe/chicken-cheddar-broccoli-pockets,88,6
Trinidadian Roti Recipe by Tasty,https://tasty.co/recipe/trinidadian-roti,90,49
Pizza Margherita Recipe by Tasty,https://tasty.co/recipe/pizza-margherita,94,46
Youtiao Recipe by Tasty,https://tasty.co/recipe/youtiao,83,9
Ultimate Homemade Pizza Recipe by Tasty,https://tasty.co/recipe/ultimate-homemade-pizza,93,53
Copycat Garlic Butter Breadsticks Recipe by Tasty,https://tasty.co/recipe/copycat-garlic-butter-breadsticks,89,34
How To Make The Best Homemade Pizza Recipe by Tasty,https://tasty.co/recipe/pizza-dough,96,332
How To Make Homemade Sourdough Bread Recipe by Tasty,https://tasty.co/recipe/how-to-make-homemade-sourdough-bread,97,130
Homemade Dutch Oven Bread Recipe by Tasty,https://tasty.co/recipe/homemade-dutch-oven-bread,98,602
Sourdough Bread For Beginners Recipe by Tasty,https://tasty.co/recipe/sourdough-bread-for-beginners,82,14
Hotdog Twists Recipe by Tasty,https://tasty.co/recipe/hotdog-twists,92,6
Four Cheese Ravioli With Rosemary Butter Sauce Recipe by Tasty,https://tasty.co/recipe/four-cheese-ravioli-with-rosemary-butter-sauce,82,20
Easy Homemade Potato Gnocchi Recipe by Tasty,https://tasty.co/recipe/easy-homemade-potato-gnocchi,90,221
Rustic German Potato Noodles Recipe by Tasty,https://tasty.co/recipe/rustic-german-potato-noodles,90,17
Beet Gnocchi Recipe by Tasty,https://tasty.co/recipe/beet-gnocchi,78,48
Brown Butter Sage Pierogi Recipe by Tasty,https://tasty.co/recipe/brown-butter-sage-pierogi,95,105
Salvadoran Pupusas As Made By Curly And His Abuelita Recipe by Tasty,https://tasty.co/recipe/salvadoran-pupusas-as-made-by-curly-and-his-abuelita,97,78
Vegan Tofu Bao Buns With Pickled Vegetables Recipe by Tasty,https://tasty.co/recipe/vegan-tofu-bao-buns-with-pickled-vegetables,93,30
Pan-Fried Soup Dumplings Recipe by Tasty,https://tasty.co/recipe/pan-fried-soup-dumplings,95,76
Frying Pan Soup Dumplings Recipe by Tasty,https://tasty.co/recipe/frying-pan-soup-dumplings,91,58
Rie’s Gyoza Recipe by Tasty,https://tasty.co/recipe/ries-gyoza,99,68
Sanjana’s Momo Recipe by Tasty,https://tasty.co/recipe/sanjanas-momo,97,23
Spicy Beef And Pork Empanadas Recipe by Tasty,https://tasty.co/recipe/spicy-beef-and-pork-empanadas,64,5
Easy Butternut Squash Ravioli Recipe by Tasty,https://tasty.co/recipe/easy-butternut-squash-ravioli,89,80
Homemade No-Egg Pasta With Lemon Alfredo Sauce Recipe by Tasty,https://tasty.co/recipe/homemade-no-egg-pasta-with-lemon-alfredo-sauce,93,8
Dark Sea Ink-Infused Dinner,https://tasty.co/recipe/squid-ink-fettuccine-with-black-mussels,74,6
Loaded Savory Vegetable Crostata Recipe by Tasty,https://tasty.co/recipe/loaded-savory-vegetable-crostata,94,20
Easy Cast-Iron Cheesy Asparagus Quiche Recipe by Tasty,https://tasty.co/recipe/easy-cast-iron-cheesy-asparagus-quiche,95,25
Holiday Vegetable Wellington Recipe by Tasty,https://tasty.co/recipe/holiday-vegetable-wellington,86,18
Sloppy Joe On A Stick Recipe by Tasty,https://tasty.co/recipe/sloppy-joe-on-a-stick,92,11
Bacon Jalapeño Popper Pinwheels Recipe by Tasty,https://tasty.co/recipe/bacon-jalapeno-popper-pinwheels,96,4
Sausage- Onion- and Peppers Pizza Roll Recipe by Tasty,https://tasty.co/recipe/sausage-onion-and-peppers-pizza-roll,96,11
Giant Multi-Stuffed Soft Pretzel Recipe by Tasty,https://tasty.co/recipe/giant-multi-stuffed-soft-pretzel,94,30
Ham And Egg Breakfast Braid Recipe by Tasty,https://tasty.co/recipe/ham-and-egg-breakfast-braid,92,11
Cheesy Taco Breadsticks Recipe by Tasty,https://tasty.co/recipe/cheesy-taco-breadsticks,93,70
Cheddar- Sausage- And Egg Breakfast Casserole,https://tasty.co/recipe/cheddar-sausage-and-egg-breakfast-bake,93,22
Savory Breakfast Crepe Pockets Recipe by Tasty,https://tasty.co/recipe/savory-breakfast-crepe-pockets,95,78
Breakfast Timpano Recipe by Tasty,https://tasty.co/recipe/breakfast-timpano,97,11
Lisa’s Goutie Recipe by Tasty,https://tasty.co/recipe/lisas-goutie,96,28
Mexican Sopes Recipe by Tasty,https://tasty.co/recipe/mexican-sopes,96,32
Homemade Dumplings Recipe by Tasty,https://tasty.co/recipe/homemade-dumplings,95,123
Mandu,https://tasty.co/recipe/daniels-mandu,94,19
Veggie Spring Rolls With Peanut Sauce Recipe by Tasty,https://tasty.co/recipe/veggie-spring-rolls-with-peanut-sauce,96,29
Gyoza Dumplings Recipe by Tasty,https://tasty.co/recipe/gyoza-dumplings,97,53
Chicken Curry Naan Bowls Recipe by Tasty,https://tasty.co/recipe/chicken-curry-naan-bowls,98,105
Family Arepas As Made By Cesar Recipe by Tasty,https://tasty.co/recipe/family-arepa-recipe-as-made-by-cesar,96,49
Chickpea Fries Recipe by Tasty,https://tasty.co/recipe/chickpea-fries,52,13
Sweet Potato Gnocchi,https://tasty.co/recipe/sweet-potato-gnocchi,91,193
Kenyan Beef Samosas Recipe by Tasty,https://tasty.co/recipe/kenyan-beef-samosas,95,55
Chicken Pot Pie by Wolfgang Puck Recipe by Tasty,https://tasty.co/recipe/chicken-pot-pie-by-wolfgang-puck,97,63
Herbed Flatbread (Focaccia) 4 Ways Recipe by Tasty,https://tasty.co/recipe/herbed-flatbread-focaccia-4-ways,97,41
Homemade Bagels Recipe by Tasty,https://tasty.co/recipe/homemade-bagels,95,33
Sourdough Starter Recipe by Tasty,https://tasty.co/recipe/sourdough-starter,82,13
Whole Wheat Sandwich Bread Recipe by Tasty,https://tasty.co/recipe/whole-wheat-sandwich-bread,94,130
How To Make Handmade Pasta Recipe by Tasty,https://tasty.co/recipe/fresh-pasta-dough,96,162
Pizza Bake Pockets Recipe by Tasty,https://tasty.co/recipe/pizza-bake-pockets,91,46
3-Hour Pizza Recipe by Tasty,https://tasty.co/recipe/3-hour-pizza,95,19
Pull Apart Cheesy Pesto Bread Recipe by Tasty,https://tasty.co/recipe/pull-apart-cheesy-pesto-bread,97,34
Deep-Fried Mini Calzones (Panzarotti) Recipe by Tasty,https://tasty.co/recipe/deep-fried-mini-calzones-panzarotti,94,75
Pepperoni Pizza Ring Recipe by Tasty,https://tasty.co/recipe/pepperoni-pizza-ring,90,12
How To Make Gardenscape Focaccia,https://tasty.co/recipe/gardenscape-focaccia,85,9
Classic Meat lover's Calzone,https://tasty.co/recipe/classic-meat-lovers-calzones,96,107
Sticky Buns Recipe by Tasty,https://tasty.co/recipe/sticky-buns,96,30
Garlic Knots Recipe by Tasty,https://tasty.co/recipe/garlic-knots,94,142
Sweet Potato Biscuits With Honey Butter Recipe by Tasty,https://tasty.co/recipe/sweet-potato-biscuits-with-honey-butter,99,19
Flakiest Biscuits By Angie Thomas Recipe by Tasty,https://tasty.co/recipe/flakiest-biscuits,94,200
Fish En Papillote Recipe by Tasty,https://tasty.co/recipe/fish-en-papillote,86,14
Dutch-Oven Jalapeño Cheddar Bread Recipe by Tasty,https://tasty.co/recipe/dutch-oven-jalapeno-cheddar-bread,98,273
Curry Puffs 2 Ways Recipe by Tasty,https://tasty.co/recipe/curry-puffs-2-ways,93,20
Easy Weeknight Instant Pot Lasagna,https://tasty.co/recipe/instant-pot-lasagna,87,25
Keto-Friendly Lasagna Dome,https://tasty.co/recipe/keto-friendly-lasagne-dome,93,62
One-pan Lasagna Recipe by Tasty,https://tasty.co/recipe/one-pan-lasagna,99,95
Lasagna Party Ring Recipe by Tasty,https://tasty.co/recipe/lasagna-party-ring,93,31
Spaghetti And Meatballs Recipe by Tasty,https://tasty.co/recipe/spaghetti-and-meatballs,96,72
Chili-cheese Garlic Bread Rolls Recipe by Tasty,https://tasty.co/recipe/chili-cheese-garlic-bread-rolls,99,32
Butternut Squash Stuffed Pasta Bake Recipe by Tasty,https://tasty.co/recipe/butternut-squash-stuffed-pasta-bake,97,66
Maple Hazelnut Squash And Sausage Stuffing Recipe by Tasty,https://tasty.co/recipe/maple-hazelnut-squash-and-sausage-stuffing,96,10
Stuffed Hash Brown Pockets Recipe by Tasty,https://tasty.co/recipe/stuffed-hash-brown-pockets,80,7
Leftover Turkey Stuffed Squash Recipe by Tasty,https://tasty.co/recipe/leftover-turkey-stuffed-squash,100,9
Creamy Tuscan Chicken Rolls Recipe by Tasty,https://tasty.co/recipe/creamy-tuscan-chicken-rolls,98,35
Easy One-pot Mac ‘n’ Cheese Recipe by Tasty,https://tasty.co/recipe/easy-one-pot-mac-n-cheese,89,732
Sheet Pan Party Quesadilla 4 Ways Recipe by Tasty,https://tasty.co/recipe/sheet-pan-party-quesadilla-4-ways,96,30
Sheet Pan Crunch-Wrap Recipe by Tasty,https://tasty.co/recipe/sheet-pan-crunch-wrap,98,32
Enchiladas Verdes Con Pollo As Made By Cuco Recipe by Tasty,https://tasty.co/recipe/enchiladas-verdes-con-pollo-as-made-by-cuco,98,41
Shepherd's Pie Twice-Baked Potato Recipe by Tasty,https://tasty.co/recipe/shepherd-s-pie-twice-baked-potato,96,61
Mofongo Stuffing Recipe by Tasty,https://tasty.co/recipe/mofongo-stuffing,83,7
Chicken Parmesan As Made By Chris Nasatrini Recipe by Tasty,https://tasty.co/recipe/chicken-parmesan-as-made-by-chris-nasatrini,98,66
Pineapple Sweet & Sour Chicken Recipe by Tasty,https://tasty.co/recipe/pineapple-sweet-sour-chicken,99,177
Crispy Chicken Teriyaki Rice Balls Recipe by Tasty,https://tasty.co/recipe/crispy-chicken-teriyaki-rice-balls,82,44
Pollo Ciudad With Cilantro Sauce And Pickled Tomato Salsa Recipe by Tasty,https://tasty.co/recipe/pollo-ciudad-with-cilantro-sauce-and-pickled-tomato-salsa,94,21
Red Wine-Braised Short Ribs With Cashew Cauliflower Mash Recipe by Tasty,https://tasty.co/recipe/red-wine-braised-short-ribs-with-cashew-cauliflower-mash,93,22
Roast Chicken Recipe by Tasty,https://tasty.co/recipe/roast-chicken,86,49
Beef Broccoli-Stuffed Rice Triangles Recipe by Tasty,https://tasty.co/recipe/beef-broccoli-stuffed-rice-triangles,88,49
Somali Bariis By Amal Dalmar Recipe by Tasty,https://tasty.co/recipe/somali-bariis-as-made-by-amal-dalmar,94,21
Vegetable Dumpling Soup Recipe by Tasty,https://tasty.co/recipe/vegetable-dumpling-soup,95,194
One-Pot Butternut Squash Pilaf Recipe by Tasty,https://tasty.co/recipe/one-pot-butternut-squash-pilaf,91,49
Roasted Butternut Squash Soup Recipe by Tasty,https://tasty.co/recipe/roasted-butternut-squash-soup,89,20
Quinoa Ratatouille-Stuffed Peppers Recipe by Tasty,https://tasty.co/recipe/quinoa-ratatouille-stuffed-peppers,92,47
Mini Shepherd’s Pies Recipe by Tasty,https://tasty.co/recipe/mini-shepherds-pies,92,13
Masala Fries Recipe by Tasty,https://tasty.co/recipe/masala-fries,90,38
Nigerian Chicken Curry Recipe by Tasty,https://tasty.co/recipe/nigerian-chicken-curry,95,65
Original Orange Chicken By Panda Express Recipe by Tasty,https://tasty.co/recipe/original-orange-chicken-by-panda-express,96,765
Chipotle Chili And Cornbread Dumplings Recipe by Tasty,https://tasty.co/recipe/chipotle-chili-and-cornbread-dumplings,98,61
Chili Con Queso Recipe by Tasty,https://tasty.co/recipe/chili-con-queso,94,23
Green Sauce Shrimp Pasta Recipe by Tasty,https://tasty.co/recipe/green-sauce-shrimp-pasta,81,34
Ghanaian Jollof Rice By Tei Hammond Recipe by Tasty,https://tasty.co/recipe/ghanaian-jollof-rice-as-made-by-tei-hammond,94,54
Easy-Peasy Potato Curry Recipe by Tasty,https://tasty.co/recipe/easy-peasy-potato-curry,97,203
Anything-You-Got Curry Soup Recipe by Tasty,https://tasty.co/recipe/anything-you-got-curry-soup,92,15
Kenyan Masala Chips Recipe by Tasty,https://tasty.co/recipe/kenyan-masala-chips,95,15
Chicken Lo Mein Recipe by Tasty,https://tasty.co/recipe/chicken-lo-mein,94,143
Whole30 Coconut Curry Meal Prep Recipe by Tasty,https://tasty.co/recipe/whole30-coconut-curry-meal-prep,99,42
BBQ Pulled Sweet Potato Sliders Recipe by Tasty,https://tasty.co/recipe/bbq-pulled-sweet-potato-sliders,94,23
One-Pot Vegan Swedish "Meatball" Pasta Recipe by Tasty,https://tasty.co/recipe/one-pot-vegan-swedish-meatball-pasta,76,142
Summertime Lentil Bolognese Recipe by Tasty,https://tasty.co/recipe/summertime-lentil-bolognese,97,23
Vegan Mushroom “Cheesesteak” Sandwich Recipe by Tasty,https://tasty.co/recipe/vegan-mushroom-cheesesteak-sandwich,92,48
Vegetarian Gumbo Recipe by Tasty,https://tasty.co/recipe/vegetarian-gumbo,77,27
Mushroom Lentil Burger & Fries Recipe by Tasty,https://tasty.co/recipe/mushroom-lentil-burger-fries,93,53
Tofu Scramble Breakfast Burrito Recipe by Tasty,https://tasty.co/recipe/tofu-scramble-breakfast-burrito,91,12
Kale- Sweet Potato- and Onion Frittata Recipe by Tasty,https://tasty.co/recipe/kale-sweet-potato-and-onion-frittata,87,10
Bacon Cheddar Deviled Eggs Recipe by Tasty,https://tasty.co/recipe/bacon-cheddar-deviled-eggs,96,19
Classic Deviled Eggs Recipe by Tasty,https://tasty.co/recipe/classic-deviled-eggs,91,168
Eggs Benedict With Spinach Recipe by Tasty,https://tasty.co/recipe/eggs-benedict-with-spinach,94,84
Cajun Deviled Eggs Recipe by Tasty,https://tasty.co/recipe/cajun-deviled-eggs,91,14
Shrimp Tempura Rice Burger Recipe by Tasty,https://tasty.co/recipe/shrimp-tempura-rice-burger,88,16
BBQ Popcorn Recipe by Tasty,https://tasty.co/recipe/bbq-popcorn,80,44
Warm Potato Salad Recipe by Tasty,https://tasty.co/recipe/warm-potato-salad,91,10
Buffalo Popcorn Recipe by Tasty,https://tasty.co/recipe/buffalo-popcorn,76,25
Pacoca Marshmallow Chocolate Popcorn Recipe by Tasty,https://tasty.co/recipe/pacoca-marshmallow-chocolate-popcorn,87,6
Blackberry Whiskey Lemonade Recipe by Tasty,https://tasty.co/recipe/blackberry-whiskey-lemonade,91,2
Hash-Brown Waffles Recipe by Tasty,https://tasty.co/recipe/hash-brown-waffles,91,34
Rainbow Kettle Corn Recipe by Tasty,https://tasty.co/recipe/rainbow-kettle-corn,84,75
