Recipe URL,Inlink URL
https://tasty.co/recipe/bacon-wrapped-parmesan-garlic-knots,https://tasty.co/recipe/rainbow-sheet-pan-pizza
https://tasty.co/recipe/bacon-wrapped-parmesan-garlic-knots,https://tasty.co/recipe/arugula-peach-and-goat-cheese-flatbread
https://tasty.co/recipe/how-to-make-homemade-sourdough-bread,https://tasty.co/recipe/pizza-dough
https://tasty.co/recipe/easy-cast-iron-cheesy-asparagus-quiche,https://tasty.co/recipe/loaded-savory-vegetable-crostata
https://tasty.co/recipe/homemade-dutch-oven-bread,https://tasty.co/recipe/how-to-make-homemade-sourdough-bread
https://tasty.co/recipe/homemade-dutch-oven-bread,https://tasty.co/recipe/sourdough-bread-for-beginners
https://tasty.co/recipe/rainbow-sheet-pan-pizza,https://tasty.co/recipe/bacon-wrapped-parmesan-garlic-knots
https://tasty.co/recipe/rainbow-sheet-pan-pizza,https://tasty.co/recipe/fettuccine-alfredo-stuffed-garlic-bread
https://tasty.co/recipe/rainbow-sheet-pan-pizza,https://tasty.co/recipe/deep-dish-pizza
https://tasty.co/recipe/rainbow-sheet-pan-pizza,https://tasty.co/recipe/chicken-alfredo-bread-boat
https://tasty.co/recipe/rainbow-sheet-pan-pizza,https://tasty.co/recipe/arugula-peach-and-goat-cheese-flatbread
https://tasty.co/recipe/chicken-pot-pie-domes,https://tasty.co/recipe/holiday-vegetable-wellington
https://tasty.co/recipe/chicken-pot-pie-domes,https://tasty.co/recipe/freeze-bake-chicken-pot-pies
https://tasty.co/recipe/chicken-pot-pie-domes,https://tasty.co/recipe/sloppy-joe-on-a-stick
https://tasty.co/recipe/chicken-pot-pie-domes,https://tasty.co/recipe/mushroom-wellington
https://tasty.co/recipe/chicken-pot-pie-domes,https://tasty.co/recipe/virgin-islands-pates
https://tasty.co/recipe/chicken-pot-pie-domes,https://tasty.co/recipe/dairy-free-broccolini-cheddar-quiche
https://tasty.co/recipe/chicken-pot-pie-domes,https://tasty.co/recipe/brown-butter-sage-pierogi
https://tasty.co/recipe/chicken-pot-pie-domes,https://tasty.co/recipe/garden-vegetable-vegan-quiche
https://tasty.co/recipe/chicken-pot-pie-domes,https://tasty.co/recipe/spicy-beef-and-pork-empanadas
https://tasty.co/recipe/chicken-pot-pie-domes,https://tasty.co/recipe/loaded-savory-vegetable-crostata
https://tasty.co/recipe/chicken-pot-pie-domes,https://tasty.co/recipe/easy-butternut-squash-ravioli
https://tasty.co/recipe/brown-butter-sage-pierogi,https://tasty.co/recipe/homemade-no-egg-pasta-with-lemon-alfredo-sauce
https://tasty.co/recipe/brown-butter-sage-pierogi,https://tasty.co/recipe/salvadoran-pupusas-as-made-by-curly-and-his-abuelita
https://tasty.co/recipe/brown-butter-sage-pierogi,https://tasty.co/recipe/vegan-tofu-bao-buns-with-pickled-vegetables
https://tasty.co/recipe/brown-butter-sage-pierogi,https://tasty.co/recipe/beet-gnocchi
https://tasty.co/recipe/brown-butter-sage-pierogi,https://tasty.co/recipe/squid-ink-fettuccine-with-black-mussels
https://tasty.co/recipe/brown-butter-sage-pierogi,https://tasty.co/recipe/easy-butternut-squash-ravioli
https://tasty.co/recipe/nigerian-chicken-curry,https://tasty.co/recipe/veggie-chili-cornbread-casserole
https://tasty.co/recipe/chicken-pot-pie-by-wolfgang-puck,https://tasty.co/recipe/four-cheese-ravioli-with-rosemary-butter-sauce
https://tasty.co/recipe/shepherd-s-pie-twice-baked-potato,https://tasty.co/recipe/pastelon
https://tasty.co/recipe/lisas-goutie,https://tasty.co/recipe/frying-pan-soup-dumplings
https://tasty.co/recipe/lisas-goutie,https://tasty.co/recipe/sanjanas-momo
https://tasty.co/recipe/lisas-goutie,https://tasty.co/recipe/ries-gyoza
https://tasty.co/recipe/pull-apart-cheesy-pesto-bread,https://tasty.co/recipe/the-ultimate-dinner-rolls
https://tasty.co/recipe/sweet-potato-chicken-stir-fry-with-peanut-sauce,https://tasty.co/recipe/the-best-ever-vegan-burger
https://tasty.co/recipe/sweet-potato-chicken-stir-fry-with-peanut-sauce,https://tasty.co/recipe/gobi-manchurian
https://tasty.co/recipe/four-cheese-ravioli-with-rosemary-butter-sauce,https://tasty.co/recipe/hotdog-twists
https://tasty.co/recipe/four-cheese-ravioli-with-rosemary-butter-sauce,https://tasty.co/recipe/easy-homemade-potato-gnocchi
https://tasty.co/recipe/rainbow-sprinkle-cinnamon-rolls,https://tasty.co/recipe/homemade-cinnamon-rolls
https://tasty.co/recipe/rainbow-sprinkle-cinnamon-rolls,https://tasty.co/recipe/deep-dish-pizza
https://tasty.co/recipe/rainbow-sprinkle-cinnamon-rolls,https://tasty.co/recipe/the-ultimate-dinner-rolls
https://tasty.co/recipe/rainbow-sprinkle-cinnamon-rolls,https://tasty.co/recipe/pumpkin-spice-latte-rolls
https://tasty.co/recipe/kkwabaegi,https://tasty.co/recipe/trinidadian-roti
https://tasty.co/recipe/kkwabaegi,https://tasty.co/recipe/hotdog-twists
https://tasty.co/recipe/kkwabaegi,https://tasty.co/recipe/chicken-cheddar-broccoli-pockets
https://tasty.co/recipe/kkwabaegi,https://tasty.co/recipe/copycat-garlic-butter-breadsticks
https://tasty.co/recipe/kkwabaegi,https://tasty.co/recipe/homemade-dutch-oven-bread
https://tasty.co/recipe/kkwabaegi,https://tasty.co/recipe/gluten-free-grilled-flatbread-pizzas
https://tasty.co/recipe/kkwabaegi,https://tasty.co/recipe/the-ultimate-dinner-rolls
https://tasty.co/recipe/kkwabaegi,https://tasty.co/recipe/pizza-dough
https://tasty.co/recipe/kkwabaegi,https://tasty.co/recipe/ultimate-homemade-pizza
https://tasty.co/recipe/kkwabaegi,https://tasty.co/recipe/youtiao
https://tasty.co/recipe/pizza-margherita,https://tasty.co/recipe/trinidadian-roti
https://tasty.co/recipe/pizza-margherita,https://tasty.co/recipe/youtiao
https://tasty.co/recipe/pineapple-sweet-sour-chicken,https://tasty.co/recipe/whiskey-glazed-chicken-and-shrimp-with-garlic-mashed-potatoes
https://tasty.co/recipe/garden-vegetable-vegan-quiche,https://tasty.co/recipe/virgin-islands-pates
https://tasty.co/recipe/garden-vegetable-vegan-quiche,https://tasty.co/recipe/dairy-free-broccolini-cheddar-quiche
https://tasty.co/recipe/garden-vegetable-vegan-quiche,https://tasty.co/recipe/rustic-german-potato-noodles
https://tasty.co/recipe/garden-vegetable-vegan-quiche,https://tasty.co/recipe/fettuccine-alfredo-stuffed-garlic-bread
https://tasty.co/recipe/garden-vegetable-vegan-quiche,https://tasty.co/recipe/salvadoran-pupusas-as-made-by-curly-and-his-abuelita
https://tasty.co/recipe/garden-vegetable-vegan-quiche,https://tasty.co/recipe/cheddar-biscuit-chicken-pot-pie
https://tasty.co/recipe/roast-chicken,https://tasty.co/recipe/one-whole-chicken-three-different-meals
https://tasty.co/recipe/cheesy-taco-breadsticks,https://tasty.co/recipe/sloppy-joe-on-a-stick
https://tasty.co/recipe/creamy-tuscan-chicken-rolls,https://tasty.co/recipe/pastelon
https://tasty.co/recipe/creamy-tuscan-chicken-rolls,https://tasty.co/recipe/chili-mac-n-cheese-pops
https://tasty.co/recipe/chicken-curry-naan-bowls,https://tasty.co/recipe/3-hour-burger
https://tasty.co/recipe/chicken-curry-naan-bowls,https://tasty.co/recipe/homemade-vegan-burger-with-vegan-aioli
https://tasty.co/recipe/chicken-curry-naan-bowls,https://tasty.co/recipe/vegan-tofu-bao-buns-with-pickled-vegetables
https://tasty.co/recipe/chicken-curry-naan-bowls,https://tasty.co/recipe/arugula-peach-and-goat-cheese-flatbread
https://tasty.co/recipe/chicken-curry-naan-bowls,https://tasty.co/recipe/pan-fried-soup-dumplings
https://tasty.co/recipe/cheddar-sausage-and-egg-breakfast-bake,https://tasty.co/recipe/easy-cast-iron-cheesy-asparagus-quiche
https://tasty.co/recipe/cheddar-sausage-and-egg-breakfast-bake,https://tasty.co/recipe/chili-mac-n-cheese-pops
https://tasty.co/recipe/mini-shepherds-pies,https://tasty.co/recipe/roasted-cauliflower-and-curry-soup
https://tasty.co/recipe/mini-shepherds-pies,https://tasty.co/recipe/the-best-ever-vegan-burger
https://tasty.co/recipe/red-wine-braised-short-ribs-with-cashew-cauliflower-mash,https://tasty.co/recipe/dominican-pasteles-en-hoja-as-made-by-julissa-calderon
https://tasty.co/recipe/ham-and-egg-breakfast-braid,https://tasty.co/recipe/bacon-jalapeno-popper-pinwheels
https://tasty.co/recipe/veggie-spring-rolls-with-peanut-sauce,https://tasty.co/recipe/ries-gyoza
https://tasty.co/recipe/bacon-jalapeno-popper-pinwheels,https://tasty.co/recipe/sloppy-joe-on-a-stick
https://tasty.co/recipe/pumpkin-spice-latte-rolls,https://tasty.co/recipe/homemade-cinnamon-rolls
https://tasty.co/recipe/pumpkin-spice-latte-rolls,https://tasty.co/recipe/tasty-101-cinnamon-rolls
https://tasty.co/recipe/vegan-mushroom-cheesesteak-sandwich,https://tasty.co/recipe/the-best-ever-vegan-burger
https://tasty.co/recipe/crispy-chicken-teriyaki-rice-balls,https://tasty.co/recipe/whiskey-glazed-chicken-and-shrimp-with-garlic-mashed-potatoes
https://tasty.co/recipe/sausage-onion-and-peppers-pizza-roll,https://tasty.co/recipe/bacon-jalapeno-popper-pinwheels
https://tasty.co/recipe/kenyan-masala-chips,https://tasty.co/recipe/dairy-free-vegetarian-stroganoff
https://tasty.co/recipe/blackberry-whiskey-lemonade,https://tasty.co
https://tasty.co/recipe/pasteles,https://tasty.co/recipe/homemade-vegan-burger-with-vegan-aioli
https://tasty.co/recipe/pasteles,https://tasty.co/recipe/one-whole-chicken-three-different-meals
https://tasty.co/recipe/pasteles,https://tasty.co/recipe/sanjanas-momo
https://tasty.co/recipe/pasteles,https://tasty.co/recipe/dominican-pasteles-en-hoja-as-made-by-julissa-calderon
https://tasty.co/recipe/pasteles,https://tasty.co/recipe/spicy-beef-and-pork-empanadas
https://tasty.co/recipe/pizza-dough,https://tasty.co/recipe/pizza-margherita
https://tasty.co/recipe/pizza-dough,https://tasty.co/recipe/how-to-make-homemade-sourdough-bread
https://tasty.co/recipe/pizza-dough,https://tasty.co/recipe/gluten-free-grilled-flatbread-pizzas
https://tasty.co/recipe/pizza-dough,https://tasty.co/recipe/ultimate-homemade-pizza
https://tasty.co/recipe/pizza-dough,https://tasty.co/recipe/copycat-garlic-butter-breadsticks
https://tasty.co/recipe/3-hour-burger,https://tasty.co/recipe/crab-cakes-eggs-benedict
https://tasty.co/recipe/3-hour-burger,https://tasty.co/recipe/homemade-vegan-burger-with-vegan-aioli
https://tasty.co/recipe/3-hour-burger,https://tasty.co/recipe/arugula-peach-and-goat-cheese-flatbread
https://tasty.co/recipe/dominican-pasteles-en-hoja-as-made-by-julissa-calderon,https://tasty.co/recipe/one-whole-chicken-three-different-meals
https://tasty.co/recipe/dominican-pasteles-en-hoja-as-made-by-julissa-calderon,https://tasty.co/recipe/whiskey-glazed-chicken-and-shrimp-with-garlic-mashed-potatoes
https://tasty.co/recipe/crab-cakes-eggs-benedict,https://tasty.co
https://tasty.co/recipe/3-hour-beef-rogan-josh-and-roti,https://tasty.co/recipe/homemade-vegan-burger-with-vegan-aioli
https://tasty.co/recipe/3-hour-beef-rogan-josh-and-roti,https://tasty.co/recipe/dominican-pasteles-en-hoja-as-made-by-julissa-calderon
https://tasty.co/recipe/dutch-oven-jalapeno-cheddar-bread,https://tasty.co/recipe/freeze-bake-chicken-pot-pies
https://tasty.co/recipe/whole30-coconut-curry-meal-prep,https://tasty.co/recipe/sweet-potato-chicken-stir-fry-with-peanut-sauce
https://tasty.co/recipe/mexican-sopes,https://tasty.co/recipe/sanjanas-momo
https://tasty.co/recipe/fresh-pasta-dough,https://tasty.co/recipe/sourdough-bread-for-beginners
https://tasty.co/recipe/fresh-pasta-dough,https://tasty.co/recipe/homemade-dutch-oven-bread
https://tasty.co/recipe/homemade-vegan-burger-with-vegan-aioli,https://tasty.co/recipe/3-hour-burger
https://tasty.co/recipe/homemade-vegan-burger-with-vegan-aioli,https://tasty.co/recipe/sanjanas-momo
https://tasty.co/recipe/homemade-vegan-burger-with-vegan-aioli,https://tasty.co/recipe/salvadoran-pupusas-as-made-by-curly-and-his-abuelita
https://tasty.co/recipe/sourdough-starter,https://tasty.co/recipe/sourdough-bread-for-beginners
https://tasty.co/recipe/spicy-beef-and-pork-empanadas,https://tasty.co/recipe/sanjanas-momo
https://tasty.co/recipe/vegetarian-gumbo,https://tasty.co/recipe/the-best-ever-vegan-burger
https://tasty.co/recipe/kenyan-beef-samosas,https://tasty.co/recipe/virgin-islands-pates
https://tasty.co/recipe/kenyan-beef-samosas,https://tasty.co/recipe/trinidadian-roti
https://tasty.co/recipe/kenyan-beef-samosas,https://tasty.co/recipe/hotdog-twists
https://tasty.co/recipe/kenyan-beef-samosas,https://tasty.co/recipe/four-cheese-ravioli-with-rosemary-butter-sauce
https://tasty.co/recipe/kenyan-beef-samosas,https://tasty.co/recipe/chicken-cheddar-broccoli-pockets
https://tasty.co/recipe/gardenscape-focaccia,https://tasty.co/recipe/rainbow-sheet-pan-pizza
https://tasty.co/recipe/gardenscape-focaccia,https://tasty.co/recipe/deep-dish-pizza
https://tasty.co/recipe/cajun-deviled-eggs,https://tasty.co/recipe/crab-cakes-eggs-benedict
https://tasty.co/recipe/the-best-ever-vegan-burger,https://tasty.co/recipe/homemade-vegan-burger-with-vegan-aioli
https://tasty.co/recipe/vegan-tofu-bao-buns-with-pickled-vegetables,https://tasty.co/recipe/salvadoran-pupusas-as-made-by-curly-and-his-abuelita
https://tasty.co/recipe/vegan-tofu-bao-buns-with-pickled-vegetables,https://tasty.co/recipe/pan-fried-soup-dumplings
https://tasty.co/recipe/family-arepa-recipe-as-made-by-cesar,https://tasty.co/recipe/salvadoran-pupusas-as-made-by-curly-and-his-abuelita
https://tasty.co/recipe/gravy-stuffed-cheddar-biscuit-bombs,https://tasty.co/recipe/marranito-cookies
https://tasty.co/recipe/gravy-stuffed-cheddar-biscuit-bombs,https://tasty.co/recipe/cheddar-biscuit-chicken-pot-pie
https://tasty.co/recipe/pan-fried-soup-dumplings,https://tasty.co/recipe/frying-pan-soup-dumplings
https://tasty.co/recipe/pan-fried-soup-dumplings,https://tasty.co/recipe/vegan-tofu-bao-buns-with-pickled-vegetables
https://tasty.co/recipe/homemade-whole-wheat-pastry-tarts,https://tasty.co/recipe/marranito-cookies
https://tasty.co/recipe/pollo-ciudad-with-cilantro-sauce-and-pickled-tomato-salsa,https://tasty.co/recipe/roasted-cauliflower-and-curry-soup
https://tasty.co/recipe/pollo-ciudad-with-cilantro-sauce-and-pickled-tomato-salsa,https://tasty.co/recipe/one-whole-chicken-three-different-meals
https://tasty.co/recipe/pollo-ciudad-with-cilantro-sauce-and-pickled-tomato-salsa,https://tasty.co/recipe/one-pot-broccoli-cheddar-soup
https://tasty.co/recipe/pollo-ciudad-with-cilantro-sauce-and-pickled-tomato-salsa,https://tasty.co/recipe/dominican-pasteles-en-hoja-as-made-by-julissa-calderon
https://tasty.co/recipe/pollo-ciudad-with-cilantro-sauce-and-pickled-tomato-salsa,https://tasty.co/recipe/dairy-free-vegetarian-stroganoff
https://tasty.co/recipe/warm-potato-salad,https://tasty.co
https://tasty.co/recipe/classic-deviled-eggs,https://tasty.co/recipe/crab-cakes-eggs-benedict
https://tasty.co/recipe/flakiest-biscuits,https://tasty.co/recipe/cheddar-biscuit-chicken-pot-pie
https://tasty.co/recipe/easy-one-pot-mac-n-cheese,https://tasty.co/recipe/chili-mac-n-cheese-pops
https://tasty.co/recipe/chicken-mushroom-spaghetti-in-white-sauce,https://tasty.co/recipe/the-best-ever-vegan-burger
https://tasty.co/recipe/loaded-savory-vegetable-crostata,https://tasty.co/recipe/3-hour-burger
https://tasty.co/recipe/loaded-savory-vegetable-crostata,https://tasty.co/recipe/homemade-no-egg-pasta-with-lemon-alfredo-sauce
https://tasty.co/recipe/loaded-savory-vegetable-crostata,https://tasty.co/recipe/easy-cast-iron-cheesy-asparagus-quiche
https://tasty.co/recipe/loaded-savory-vegetable-crostata,https://tasty.co/recipe/holiday-vegetable-wellington
https://tasty.co/recipe/loaded-savory-vegetable-crostata,https://tasty.co/recipe/mushroom-wellington
https://tasty.co/recipe/loaded-savory-vegetable-crostata,https://tasty.co/recipe/dairy-free-broccolini-cheddar-quiche
https://tasty.co/recipe/loaded-savory-vegetable-crostata,https://tasty.co/recipe/chicken-pot-pie-domes
https://tasty.co/recipe/loaded-savory-vegetable-crostata,https://tasty.co/recipe/fettuccine-alfredo-stuffed-garlic-bread
https://tasty.co/recipe/loaded-savory-vegetable-crostata,https://tasty.co/recipe/brown-butter-sage-pierogi
https://tasty.co/recipe/loaded-savory-vegetable-crostata,https://tasty.co/recipe/garden-vegetable-vegan-quiche
https://tasty.co/recipe/loaded-savory-vegetable-crostata,https://tasty.co/recipe/spicy-beef-and-pork-empanadas
https://tasty.co/recipe/loaded-savory-vegetable-crostata,https://tasty.co/recipe/easy-butternut-squash-ravioli
https://tasty.co/recipe/eggplant-potato-tomato-stew,https://tasty.co/recipe/roasted-cauliflower-and-curry-soup
https://tasty.co/recipe/chicken-cheddar-broccoli-pockets,https://tasty.co/recipe/trinidadian-roti
https://tasty.co/recipe/chicken-cheddar-broccoli-pockets,https://tasty.co/recipe/gluten-free-grilled-flatbread-pizzas
https://tasty.co/recipe/hash-brown-bombs,https://tasty.co/recipe/yellow-squash-lasagna
https://tasty.co/recipe/hash-brown-bombs,https://tasty.co/recipe/scalloped-potato-roll
https://tasty.co/recipe/gyoza-dumplings,https://tasty.co/recipe/frying-pan-soup-dumplings
https://tasty.co/recipe/mushroom-lentil-burger-fries,https://tasty.co/recipe/homemade-vegan-burger-with-vegan-aioli
https://tasty.co/recipe/whiskey-glazed-chicken-and-shrimp-with-garlic-mashed-potatoes,https://tasty.co/recipe/dominican-pasteles-en-hoja-as-made-by-julissa-calderon
https://tasty.co/recipe/whiskey-glazed-chicken-and-shrimp-with-garlic-mashed-potatoes,https://tasty.co/recipe/pastelon
https://tasty.co/recipe/homemade-cinnamon-rolls,https://tasty.co/recipe/tasty-101-cinnamon-rolls
https://tasty.co/recipe/homemade-cinnamon-rolls,https://tasty.co/recipe/pumpkin-spice-latte-rolls
https://tasty.co/recipe/salvadoran-pupusas-as-made-by-curly-and-his-abuelita,https://tasty.co/recipe/3-hour-burger
https://tasty.co/recipe/salvadoran-pupusas-as-made-by-curly-and-his-abuelita,https://tasty.co/recipe/brown-butter-sage-pierogi
https://tasty.co/recipe/salvadoran-pupusas-as-made-by-curly-and-his-abuelita,https://tasty.co/recipe/vegan-tofu-bao-buns-with-pickled-vegetables
https://tasty.co/recipe/salvadoran-pupusas-as-made-by-curly-and-his-abuelita,https://tasty.co/recipe/spicy-beef-and-pork-empanadas
https://tasty.co/recipe/salvadoran-pupusas-as-made-by-curly-and-his-abuelita,https://tasty.co/recipe/squid-ink-fettuccine-with-black-mussels
https://tasty.co/recipe/salvadoran-pupusas-as-made-by-curly-and-his-abuelita,https://tasty.co/recipe/pan-fried-soup-dumplings
https://tasty.co/recipe/vegetable-dumpling-soup,https://tasty.co/recipe/eggplant-potato-tomato-stew
https://tasty.co/recipe/mccormick-r-chickpea-buddha-bowl,https://tasty.co
https://tasty.co/recipe/arugula-peach-and-goat-cheese-flatbread,https://tasty.co/recipe/bacon-wrapped-parmesan-garlic-knots
https://tasty.co/recipe/sticky-buns,https://tasty.co/recipe/bacon-wrapped-parmesan-garlic-knots
https://tasty.co/recipe/herbed-flatbread-focaccia-4-ways,https://tasty.co/recipe/hotdog-twists
https://tasty.co/recipe/herbed-flatbread-focaccia-4-ways,https://tasty.co/recipe/four-cheese-ravioli-with-rosemary-butter-sauce
https://tasty.co/recipe/herbed-flatbread-focaccia-4-ways,https://tasty.co/recipe/sourdough-bread-for-beginners
https://tasty.co/recipe/herbed-flatbread-focaccia-4-ways,https://tasty.co/recipe/homemade-dutch-oven-bread
https://tasty.co/recipe/herbed-flatbread-focaccia-4-ways,https://tasty.co/recipe/pizza-margherita
https://tasty.co/recipe/herbed-flatbread-focaccia-4-ways,https://tasty.co/recipe/pizza-dough
https://tasty.co/recipe/herbed-flatbread-focaccia-4-ways,https://tasty.co/recipe/ultimate-homemade-pizza
https://tasty.co/recipe/freeze-bake-chicken-pot-pies,https://tasty.co/recipe/dairy-free-broccolini-cheddar-quiche
https://tasty.co/recipe/freeze-bake-chicken-pot-pies,https://tasty.co/recipe/chicken-pot-pie-domes
https://tasty.co/recipe/chicken-alfredo-bread-boat,https://tasty.co/recipe/rainbow-sheet-pan-pizza
https://tasty.co/recipe/chicken-alfredo-bread-boat,https://tasty.co/recipe/easter-savory-pie-pizza-rustica
https://tasty.co/recipe/chicken-alfredo-bread-boat,https://tasty.co/recipe/deep-dish-pizza
https://tasty.co/recipe/chicken-alfredo-bread-boat,https://tasty.co/recipe/double-stuffed-sheet-pan-pizza
https://tasty.co/recipe/lasagna-chips-and-dip,https://tasty.co/recipe/yellow-squash-lasagna
https://tasty.co/recipe/mushroom-wellington,https://tasty.co/recipe/lasagna-dome
https://tasty.co/recipe/mushroom-wellington,https://tasty.co/recipe/holiday-vegetable-wellington
https://tasty.co/recipe/mushroom-wellington,https://tasty.co/recipe/sloppy-joe-on-a-stick
https://tasty.co/recipe/mushroom-wellington,https://tasty.co/recipe/chicken-pot-pie-domes
https://tasty.co/recipe/mushroom-wellington,https://tasty.co/recipe/scalloped-potato-roll
https://tasty.co/recipe/mushroom-wellington,https://tasty.co/recipe/loaded-savory-vegetable-crostata
https://tasty.co/recipe/mushroom-wellington,https://tasty.co/recipe/easy-butternut-squash-ravioli
https://tasty.co/recipe/virgin-islands-pates,https://tasty.co/recipe/rustic-german-potato-noodles
https://tasty.co/recipe/virgin-islands-pates,https://tasty.co/recipe/bacon-jalapeno-popper-pinwheels
https://tasty.co/recipe/virgin-islands-pates,https://tasty.co/recipe/garden-vegetable-vegan-quiche
https://tasty.co/recipe/virgin-islands-pates,https://tasty.co/recipe/deep-dish-pizza
https://tasty.co/recipe/virgin-islands-pates,https://tasty.co/recipe/cheddar-biscuit-chicken-pot-pie
https://tasty.co/recipe/anything-you-got-curry-soup,https://tasty.co/recipe/dairy-free-vegetarian-stroganoff
https://tasty.co/recipe/one-pot-butternut-squash-pilaf,https://tasty.co/recipe/eggplant-potato-tomato-stew
https://tasty.co/recipe/leftover-turkey-stuffed-squash,https://tasty.co/recipe/scalloped-potato-roll
https://tasty.co/recipe/easy-butternut-squash-ravioli,https://tasty.co/recipe/homemade-no-egg-pasta-with-lemon-alfredo-sauce
https://tasty.co/recipe/easy-butternut-squash-ravioli,https://tasty.co/recipe/holiday-vegetable-wellington
https://tasty.co/recipe/easy-butternut-squash-ravioli,https://tasty.co/recipe/beet-gnocchi
https://tasty.co/recipe/easy-butternut-squash-ravioli,https://tasty.co/recipe/mushroom-wellington
https://tasty.co/recipe/easy-butternut-squash-ravioli,https://tasty.co/recipe/chicken-pot-pie-domes
https://tasty.co/recipe/easy-butternut-squash-ravioli,https://tasty.co/recipe/brown-butter-sage-pierogi
https://tasty.co/recipe/easy-butternut-squash-ravioli,https://tasty.co/recipe/spicy-beef-and-pork-empanadas
https://tasty.co/recipe/easy-butternut-squash-ravioli,https://tasty.co/recipe/loaded-savory-vegetable-crostata
https://tasty.co/recipe/chili-mac-n-cheese-pops,https://tasty.co/recipe/easy-cast-iron-cheesy-asparagus-quiche
https://tasty.co/recipe/chili-mac-n-cheese-pops,https://tasty.co/recipe/scalloped-potato-roll
https://tasty.co/recipe/chili-mac-n-cheese-pops,https://tasty.co/recipe/pastelon
https://tasty.co/recipe/chili-mac-n-cheese-pops,https://tasty.co/recipe/sloppy-joe-on-a-stick
https://tasty.co/recipe/youtiao,https://tasty.co/recipe/easter-savory-pie-pizza-rustica
https://tasty.co/recipe/youtiao,https://tasty.co/recipe/pizza-margherita
https://tasty.co/recipe/youtiao,https://tasty.co/recipe/hotdog-twists
https://tasty.co/recipe/youtiao,https://tasty.co/recipe/kkwabaegi
https://tasty.co/recipe/youtiao,https://tasty.co/recipe/ultimate-homemade-pizza
https://tasty.co/recipe/youtiao,https://tasty.co/recipe/copycat-garlic-butter-breadsticks
https://tasty.co/recipe/beef-broccoli-stuffed-rice-triangles,https://tasty.co/recipe/one-whole-chicken-three-different-meals
https://tasty.co/recipe/sourdough-bread-for-beginners,https://tasty.co
https://tasty.co/recipe/sourdough-bread-for-beginners,https://tasty.co/recipe/how-to-make-homemade-sourdough-bread
https://tasty.co/recipe/sourdough-bread-for-beginners,https://tasty.co/recipe/homemade-dutch-oven-bread
https://tasty.co/recipe/eggs-benedict-with-spinach,https://tasty.co/recipe/crab-cakes-eggs-benedict
https://tasty.co/recipe/ketchup-leather,https://tasty.co
https://tasty.co/recipe/curry-puffs-2-ways,https://tasty.co/recipe/freeze-bake-chicken-pot-pies
https://tasty.co/recipe/sheet-pan-crunch-wrap,https://tasty.co/recipe/chili-mac-n-cheese-pops
https://tasty.co/recipe/somali-bariis-as-made-by-amal-dalmar,https://tasty.co/recipe/one-whole-chicken-three-different-meals
https://tasty.co/recipe/garlic-knots,https://tasty.co/recipe/bacon-wrapped-parmesan-garlic-knots
https://tasty.co/recipe/daniels-mandu,https://tasty.co/recipe/ries-gyoza
https://tasty.co/recipe/summertime-lentil-bolognese,https://tasty.co/recipe/gobi-manchurian
https://tasty.co/recipe/trinidadian-roti,https://tasty.co/recipe/chicken-cheddar-broccoli-pockets
https://tasty.co/recipe/spaghetti-and-meatballs,https://tasty.co/recipe/yellow-squash-lasagna
https://tasty.co/recipe/taiwan-pork-belly-buns,https://tasty.co/recipe/fettuccine-alfredo-stuffed-garlic-bread
https://tasty.co/recipe/taiwan-pork-belly-buns,https://tasty.co/recipe/vegan-tofu-bao-buns-with-pickled-vegetables
https://tasty.co/recipe/taiwan-pork-belly-buns,https://tasty.co/recipe/pan-fried-soup-dumplings
https://tasty.co/recipe/tasty-101-cinnamon-rolls,https://tasty.co/recipe/homemade-cinnamon-rolls
https://tasty.co/recipe/tasty-101-cinnamon-rolls,https://tasty.co/recipe/fettuccine-alfredo-stuffed-garlic-bread
https://tasty.co/recipe/tasty-101-cinnamon-rolls,https://tasty.co/recipe/cheddar-biscuit-chicken-pot-pie
https://tasty.co/recipe/tasty-101-cinnamon-rolls,https://tasty.co/recipe/copycat-garlic-butter-breadsticks
https://tasty.co/recipe/tasty-101-cinnamon-rolls,https://tasty.co/recipe/pumpkin-spice-latte-rolls
https://tasty.co/recipe/tasty-101-cinnamon-rolls,https://tasty.co/recipe/homemade-whole-wheat-pastry-tarts
https://tasty.co/recipe/double-stuffed-sheet-pan-pizza,https://tasty.co/recipe/chicken-alfredo-bread-boat
https://tasty.co/recipe/double-stuffed-sheet-pan-pizza,https://tasty.co/recipe/easter-savory-pie-pizza-rustica
https://tasty.co/recipe/double-stuffed-sheet-pan-pizza,https://tasty.co/recipe/chicken-cheddar-broccoli-pockets
https://tasty.co/recipe/chili-con-queso,https://tasty.co/recipe/one-pot-broccoli-cheddar-soup
https://tasty.co/recipe/scalloped-potato-roll,https://tasty.co/recipe/hash-brown-bombs
https://tasty.co/recipe/scalloped-potato-roll,https://tasty.co/recipe/chili-mac-n-cheese-pops
https://tasty.co/recipe/scalloped-potato-roll,https://tasty.co/recipe/mushroom-wellington
https://tasty.co/recipe/stuffed-hash-brown-pockets,https://tasty.co/recipe/hash-brown-bombs
https://tasty.co/recipe/stuffed-hash-brown-pockets,https://tasty.co/recipe/scalloped-potato-roll
https://tasty.co/recipe/3-hour-pizza,https://tasty.co/recipe/rainbow-sheet-pan-pizza
https://tasty.co/recipe/3-hour-pizza,https://tasty.co/recipe/bacon-wrapped-parmesan-garlic-knots
https://tasty.co/recipe/3-hour-pizza,https://tasty.co/recipe/chicken-alfredo-bread-boat
https://tasty.co/recipe/3-hour-pizza,https://tasty.co/recipe/the-ultimate-dinner-rolls
https://tasty.co/recipe/3-hour-pizza,https://tasty.co/recipe/double-stuffed-sheet-pan-pizza
https://tasty.co/recipe/quinoa-ratatouille-stuffed-peppers,https://tasty.co/recipe/roasted-cauliflower-and-curry-soup
https://tasty.co/recipe/quinoa-ratatouille-stuffed-peppers,https://tasty.co/recipe/veggie-chili-cornbread-casserole
https://tasty.co/recipe/quinoa-ratatouille-stuffed-peppers,https://tasty.co/recipe/eggplant-potato-tomato-stew
https://tasty.co/recipe/maple-hazelnut-squash-and-sausage-stuffing,https://tasty.co/recipe/roasted-cauliflower-and-curry-soup
https://tasty.co/recipe/maple-hazelnut-squash-and-sausage-stuffing,https://tasty.co/recipe/yellow-squash-lasagna
https://tasty.co/recipe/homemade-no-egg-pasta-with-lemon-alfredo-sauce,https://tasty.co/recipe/squid-ink-fettuccine-with-black-mussels
https://tasty.co/recipe/homemade-no-egg-pasta-with-lemon-alfredo-sauce,https://tasty.co/recipe/easy-butternut-squash-ravioli
https://tasty.co/recipe/one-pot-broccoli-cheddar-soup,https://tasty.co/recipe/dairy-free-vegetarian-stroganoff
https://tasty.co/recipe/dairy-free-vegetarian-stroganoff,https://tasty.co/recipe/sweet-potato-chicken-stir-fry-with-peanut-sauce
https://tasty.co/recipe/dairy-free-vegetarian-stroganoff,https://tasty.co/recipe/one-pot-broccoli-cheddar-soup
https://tasty.co/recipe/dairy-free-vegetarian-stroganoff,https://tasty.co/recipe/veggie-chili-cornbread-casserole
https://tasty.co/recipe/cheddar-biscuit-chicken-pot-pie,https://tasty.co/recipe/virgin-islands-pates
https://tasty.co/recipe/cheddar-biscuit-chicken-pot-pie,https://tasty.co/recipe/marranito-cookies
https://tasty.co/recipe/cheddar-biscuit-chicken-pot-pie,https://tasty.co/recipe/tasty-101-cinnamon-rolls
https://tasty.co/recipe/cheddar-biscuit-chicken-pot-pie,https://tasty.co/recipe/fettuccine-alfredo-stuffed-garlic-bread
https://tasty.co/recipe/cheddar-biscuit-chicken-pot-pie,https://tasty.co/recipe/bacon-jalapeno-popper-pinwheels
https://tasty.co/recipe/cheddar-biscuit-chicken-pot-pie,https://tasty.co/recipe/homemade-whole-wheat-pastry-tarts
https://tasty.co/recipe/deep-dish-pizza,https://tasty.co/recipe/virgin-islands-pates
https://tasty.co/recipe/deep-dish-pizza,https://tasty.co/recipe/rainbow-sheet-pan-pizza
https://tasty.co/recipe/deep-dish-pizza,https://tasty.co/recipe/arugula-peach-and-goat-cheese-flatbread
https://tasty.co/recipe/sweet-potato-gnocchi,https://tasty.co/recipe/rustic-german-potato-noodles
https://tasty.co/recipe/copycat-garlic-butter-breadsticks,https://tasty.co/recipe/how-to-make-homemade-sourdough-bread
https://tasty.co/recipe/copycat-garlic-butter-breadsticks,https://tasty.co/recipe/tasty-101-cinnamon-rolls
https://tasty.co/recipe/copycat-garlic-butter-breadsticks,https://tasty.co/recipe/kkwabaegi
https://tasty.co/recipe/copycat-garlic-butter-breadsticks,https://tasty.co/recipe/gluten-free-grilled-flatbread-pizzas
https://tasty.co/recipe/copycat-garlic-butter-breadsticks,https://tasty.co/recipe/the-ultimate-dinner-rolls
https://tasty.co/recipe/copycat-garlic-butter-breadsticks,https://tasty.co/recipe/pizza-dough
https://tasty.co/recipe/copycat-garlic-butter-breadsticks,https://tasty.co/recipe/ultimate-homemade-pizza
https://tasty.co/recipe/copycat-garlic-butter-breadsticks,https://tasty.co/recipe/youtiao
https://tasty.co/recipe/black-pepper-and-cheddar-crusted-tomato-tart,https://tasty.co/recipe/easter-savory-pie-pizza-rustica
https://tasty.co/recipe/sheet-pan-party-quesadilla-4-ways,https://tasty.co/recipe/chili-mac-n-cheese-pops
https://tasty.co/recipe/bbq-pulled-sweet-potato-sliders,https://tasty.co/recipe/gobi-manchurian
https://tasty.co/recipe/bbq-pulled-sweet-potato-sliders,https://tasty.co/recipe/sweet-potato-chicken-stir-fry-with-peanut-sauce
https://tasty.co/recipe/shrimp-tempura-rice-burger,https://tasty.co/recipe/crab-cakes-eggs-benedict
https://tasty.co/recipe/rustic-german-potato-noodles,https://tasty.co/recipe/easy-homemade-potato-gnocchi
https://tasty.co/recipe/easy-peasy-potato-curry,https://tasty.co/recipe/dairy-free-vegetarian-stroganoff
https://tasty.co/recipe/shamrock-ravioli,https://tasty.co/recipe/homemade-no-egg-pasta-with-lemon-alfredo-sauce
https://tasty.co/recipe/shamrock-ravioli,https://tasty.co/recipe/rustic-german-potato-noodles
https://tasty.co/recipe/shamrock-ravioli,https://tasty.co/recipe/four-cheese-ravioli-with-rosemary-butter-sauce
https://tasty.co/recipe/shamrock-ravioli,https://tasty.co/recipe/easy-homemade-potato-gnocchi
https://tasty.co/recipe/shamrock-ravioli,https://tasty.co/recipe/beet-gnocchi
https://tasty.co/recipe/shamrock-ravioli,https://tasty.co/recipe/squid-ink-fettuccine-with-black-mussels
https://tasty.co/recipe/pacoca-marshmallow-chocolate-popcorn,https://tasty.co
https://tasty.co/recipe/savory-breakfast-crepe-pockets,https://tasty.co/recipe/easy-cast-iron-cheesy-asparagus-quiche
https://tasty.co/recipe/easter-savory-pie-pizza-rustica,https://tasty.co/recipe/pizza-margherita
https://tasty.co/recipe/easter-savory-pie-pizza-rustica,https://tasty.co/recipe/chicken-alfredo-bread-boat
https://tasty.co/recipe/easter-savory-pie-pizza-rustica,https://tasty.co/recipe/double-stuffed-sheet-pan-pizza
https://tasty.co/recipe/easter-savory-pie-pizza-rustica,https://tasty.co/recipe/youtiao
https://tasty.co/recipe/hotdog-twists,https://tasty.co/recipe/sourdough-bread-for-beginners
https://tasty.co/recipe/hotdog-twists,https://tasty.co/recipe/four-cheese-ravioli-with-rosemary-butter-sauce
https://tasty.co/recipe/beet-gnocchi,https://tasty.co/recipe/rustic-german-potato-noodles
https://tasty.co/recipe/beet-gnocchi,https://tasty.co/recipe/brown-butter-sage-pierogi
https://tasty.co/recipe/beet-gnocchi,https://tasty.co/recipe/easy-homemade-potato-gnocchi
https://tasty.co/recipe/beet-gnocchi,https://tasty.co/recipe/squid-ink-fettuccine-with-black-mussels
https://tasty.co/recipe/papaya-stew,https://tasty.co/recipe/one-whole-chicken-three-different-meals
https://tasty.co/recipe/bbq-popcorn,https://tasty.co
https://tasty.co/recipe/one-whole-chicken-three-different-meals,https://tasty.co/recipe/dominican-pasteles-en-hoja-as-made-by-julissa-calderon
https://tasty.co/recipe/one-whole-chicken-three-different-meals,https://tasty.co/recipe/whiskey-glazed-chicken-and-shrimp-with-garlic-mashed-potatoes
https://tasty.co/recipe/one-whole-chicken-three-different-meals,https://tasty.co/recipe/eggplant-potato-tomato-stew
https://tasty.co/recipe/green-sauce-shrimp-pasta,https://tasty.co/recipe/one-pot-broccoli-cheddar-soup
https://tasty.co/recipe/holiday-vegetable-wellington,https://tasty.co/recipe/easy-cast-iron-cheesy-asparagus-quiche
https://tasty.co/recipe/holiday-vegetable-wellington,https://tasty.co/recipe/freeze-bake-chicken-pot-pies
https://tasty.co/recipe/holiday-vegetable-wellington,https://tasty.co/recipe/beet-gnocchi
https://tasty.co/recipe/holiday-vegetable-wellington,https://tasty.co/recipe/sloppy-joe-on-a-stick
https://tasty.co/recipe/holiday-vegetable-wellington,https://tasty.co/recipe/mushroom-wellington
https://tasty.co/recipe/holiday-vegetable-wellington,https://tasty.co/recipe/dairy-free-broccolini-cheddar-quiche
https://tasty.co/recipe/holiday-vegetable-wellington,https://tasty.co/recipe/chicken-pot-pie-domes
https://tasty.co/recipe/holiday-vegetable-wellington,https://tasty.co/recipe/spicy-beef-and-pork-empanadas
https://tasty.co/recipe/holiday-vegetable-wellington,https://tasty.co/recipe/loaded-savory-vegetable-crostata
https://tasty.co/recipe/holiday-vegetable-wellington,https://tasty.co/recipe/easy-butternut-squash-ravioli
https://tasty.co/recipe/one-pan-lasagna,https://tasty.co/recipe/lasagna-dome
https://tasty.co/recipe/pepperoni-pizza-ring,https://tasty.co/recipe/chicken-alfredo-bread-boat
https://tasty.co/recipe/homemade-bagels,https://tasty.co/recipe/trinidadian-roti
https://tasty.co/recipe/homemade-bagels,https://tasty.co/recipe/hotdog-twists
https://tasty.co/recipe/homemade-bagels,https://tasty.co/recipe/kkwabaegi
https://tasty.co/recipe/homemade-bagels,https://tasty.co/recipe/sourdough-bread-for-beginners
https://tasty.co/recipe/homemade-bagels,https://tasty.co/recipe/homemade-dutch-oven-bread
https://tasty.co/recipe/homemade-bagels,https://tasty.co/recipe/pizza-margherita
https://tasty.co/recipe/homemade-bagels,https://tasty.co/recipe/youtiao
https://tasty.co/recipe/chipotle-chili-and-cornbread-dumplings,https://tasty.co/recipe/gobi-manchurian
https://tasty.co/recipe/chipotle-chili-and-cornbread-dumplings,https://tasty.co/recipe/veggie-chili-cornbread-casserole
https://tasty.co/recipe/pastelon,https://tasty.co/recipe/whiskey-glazed-chicken-and-shrimp-with-garlic-mashed-potatoes
https://tasty.co/recipe/pastelon,https://tasty.co/recipe/lasagna-dome
https://tasty.co/recipe/pastelon,https://tasty.co/recipe/scalloped-potato-roll
https://tasty.co/recipe/pastelon,https://tasty.co/recipe/hash-brown-bombs
https://tasty.co/recipe/pastelon,https://tasty.co/recipe/chili-mac-n-cheese-pops
https://tasty.co/recipe/pastelon,https://tasty.co/recipe/mushroom-wellington
https://tasty.co/recipe/bacon-and-cheese-stuffed-boxty,https://tasty.co/recipe/easy-homemade-potato-gnocchi
https://tasty.co/recipe/pizza-bake-pockets,https://tasty.co/recipe/trinidadian-roti
https://tasty.co/recipe/pizza-bake-pockets,https://tasty.co/recipe/pizza-margherita
https://tasty.co/recipe/pizza-bake-pockets,https://tasty.co/recipe/gluten-free-grilled-flatbread-pizzas
https://tasty.co/recipe/pizza-bake-pockets,https://tasty.co/recipe/chicken-cheddar-broccoli-pockets
https://tasty.co/recipe/pizza-bake-pockets,https://tasty.co/recipe/double-stuffed-sheet-pan-pizza
https://tasty.co/recipe/rainbow-kettle-corn,https://tasty.co
https://tasty.co/recipe/garlic-and-ginger-shrimp-stir-fry,https://tasty.co/recipe/sweet-potato-chicken-stir-fry-with-peanut-sauce
https://tasty.co/recipe/masala-fries,https://tasty.co/recipe/roasted-cauliflower-and-curry-soup
https://tasty.co/recipe/tofu-scramble-breakfast-burrito,https://tasty.co/recipe/homemade-vegan-burger-with-vegan-aioli
https://tasty.co/recipe/bacon-cheddar-deviled-eggs,https://tasty.co/recipe/crab-cakes-eggs-benedict
https://tasty.co/recipe/lasagna-dome,https://tasty.co/recipe/yellow-squash-lasagna
https://tasty.co/recipe/yellow-squash-lasagna,https://tasty.co/recipe/hash-brown-bombs
https://tasty.co/recipe/breakfast-bombs,https://tasty.co/recipe/hash-brown-bombs
https://tasty.co/recipe/squid-ink-fettuccine-with-black-mussels,https://tasty.co/recipe/homemade-no-egg-pasta-with-lemon-alfredo-sauce
https://tasty.co/recipe/squid-ink-fettuccine-with-black-mussels,https://tasty.co/recipe/easy-homemade-potato-gnocchi
https://tasty.co/recipe/dairy-free-broccolini-cheddar-quiche,https://tasty.co/recipe/easy-cast-iron-cheesy-asparagus-quiche
https://tasty.co/recipe/dairy-free-broccolini-cheddar-quiche,https://tasty.co/recipe/holiday-vegetable-wellington
https://tasty.co/recipe/dairy-free-broccolini-cheddar-quiche,https://tasty.co/recipe/garden-vegetable-vegan-quiche
https://tasty.co/recipe/dairy-free-broccolini-cheddar-quiche,https://tasty.co/recipe/freeze-bake-chicken-pot-pies
https://tasty.co/recipe/gluten-free-grilled-flatbread-pizzas,https://tasty.co/recipe/chicken-cheddar-broccoli-pockets
https://tasty.co/recipe/gluten-free-grilled-flatbread-pizzas,https://tasty.co/recipe/kkwabaegi
https://tasty.co/recipe/breakfast-timpano,https://tasty.co/recipe/dairy-free-broccolini-cheddar-quiche
https://tasty.co/recipe/breakfast-timpano,https://tasty.co/recipe/salvadoran-pupusas-as-made-by-curly-and-his-abuelita
https://tasty.co/recipe/breakfast-timpano,https://tasty.co/recipe/garden-vegetable-vegan-quiche
https://tasty.co/recipe/breakfast-timpano,https://tasty.co/recipe/loaded-savory-vegetable-crostata
https://tasty.co/recipe/the-ultimate-dinner-rolls,https://tasty.co/recipe/easter-savory-pie-pizza-rustica
https://tasty.co/recipe/the-ultimate-dinner-rolls,https://tasty.co/recipe/kkwabaegi
https://tasty.co/recipe/the-ultimate-dinner-rolls,https://tasty.co/recipe/copycat-garlic-butter-breadsticks
https://tasty.co/recipe/the-ultimate-dinner-rolls,https://tasty.co/recipe/double-stuffed-sheet-pan-pizza
https://tasty.co/recipe/the-ultimate-dinner-rolls,https://tasty.co/recipe/gluten-free-grilled-flatbread-pizzas
https://tasty.co/recipe/the-ultimate-dinner-rolls,https://tasty.co/recipe/pizza-dough
https://tasty.co/recipe/the-ultimate-dinner-rolls,https://tasty.co/recipe/ultimate-homemade-pizza
https://tasty.co/recipe/frying-pan-soup-dumplings,https://tasty.co/recipe/pan-fried-soup-dumplings
https://tasty.co/recipe/frying-pan-soup-dumplings,https://tasty.co/recipe/ries-gyoza
https://tasty.co/recipe/sanjanas-momo,https://tasty.co/recipe/frying-pan-soup-dumplings
https://tasty.co/recipe/sanjanas-momo,https://tasty.co/recipe/ries-gyoza
https://tasty.co/recipe/keto-friendly-lasagne-dome,https://tasty.co/recipe/lasagna-dome
https://tasty.co/recipe/giant-multi-stuffed-soft-pretzel,https://tasty.co/recipe/easter-savory-pie-pizza-rustica
https://tasty.co/recipe/giant-multi-stuffed-soft-pretzel,https://tasty.co/recipe/double-stuffed-sheet-pan-pizza
https://tasty.co/recipe/giant-multi-stuffed-soft-pretzel,https://tasty.co/recipe/bacon-jalapeno-popper-pinwheels
https://tasty.co/recipe/one-pot-vegan-swedish-meatball-pasta,https://tasty.co/recipe/gobi-manchurian
https://tasty.co/recipe/butternut-squash-stuffed-pasta-bake,https://tasty.co/recipe/yellow-squash-lasagna
https://tasty.co/recipe/classic-meat-lovers-calzones,https://tasty.co/recipe/arugula-peach-and-goat-cheese-flatbread
https://tasty.co/recipe/mofongo-stuffing,https://tasty.co/recipe/pastelon
https://tasty.co/recipe/marranito-cookies,https://tasty.co/recipe/cheddar-biscuit-chicken-pot-pie
https://tasty.co/recipe/marranito-cookies,https://tasty.co/recipe/homemade-whole-wheat-pastry-tarts
https://tasty.co/recipe/gobi-manchurian,https://tasty.co/recipe/the-best-ever-vegan-burger
https://tasty.co/recipe/gobi-manchurian,https://tasty.co/recipe/sweet-potato-chicken-stir-fry-with-peanut-sauce
https://tasty.co/recipe/easy-homemade-potato-gnocchi,https://tasty.co/recipe/rustic-german-potato-noodles
https://tasty.co/recipe/easy-homemade-potato-gnocchi,https://tasty.co/recipe/four-cheese-ravioli-with-rosemary-butter-sauce
https://tasty.co/recipe/easy-homemade-potato-gnocchi,https://tasty.co/recipe/beet-gnocchi
https://tasty.co/recipe/easy-homemade-potato-gnocchi,https://tasty.co/recipe/squid-ink-fettuccine-with-black-mussels
https://tasty.co/recipe/sloppy-joe-on-a-stick,https://tasty.co/recipe/holiday-vegetable-wellington
https://tasty.co/recipe/sloppy-joe-on-a-stick,https://tasty.co/recipe/chicken-pot-pie-domes
https://tasty.co/recipe/sloppy-joe-on-a-stick,https://tasty.co/recipe/bacon-jalapeno-popper-pinwheels
https://tasty.co/recipe/veggie-chili-cornbread-casserole,https://tasty.co/recipe/one-pot-broccoli-cheddar-soup
https://tasty.co/recipe/roasted-cauliflower-and-curry-soup,https://tasty.co/recipe/veggie-chili-cornbread-casserole
https://tasty.co/recipe/roasted-cauliflower-and-curry-soup,https://tasty.co/recipe/eggplant-potato-tomato-stew
https://tasty.co/recipe/roasted-butternut-squash-soup,https://tasty.co/recipe/eggplant-potato-tomato-stew
https://tasty.co/recipe/instant-pot-lasagna,https://tasty.co/recipe/lasagna-dome
https://tasty.co/recipe/fish-en-papillote,https://tasty.co/recipe/freeze-bake-chicken-pot-pies
https://tasty.co/recipe/chickpea-fries,https://tasty.co/recipe/beet-gnocchi
https://tasty.co/recipe/homemade-dumplings,https://tasty.co/recipe/frying-pan-soup-dumplings
https://tasty.co/recipe/homemade-dumplings,https://tasty.co/recipe/pan-fried-soup-dumplings
https://tasty.co/recipe/homemade-dumplings,https://tasty.co/recipe/ries-gyoza
https://tasty.co/recipe/hash-brown-waffles,https://tasty.co
https://tasty.co/recipe/original-orange-chicken-by-panda-express,https://tasty.co/recipe/gobi-manchurian
https://tasty.co/recipe/original-orange-chicken-by-panda-express,https://tasty.co/recipe/veggie-chili-cornbread-casserole
https://tasty.co/recipe/enchiladas-verdes-con-pollo-as-made-by-cuco,https://tasty.co/recipe/pastelon
https://tasty.co/recipe/sweet-potato-biscuits-with-honey-butter,https://tasty.co/recipe/marranito-cookies
https://tasty.co/recipe/fettuccine-alfredo-stuffed-garlic-bread,https://tasty.co/recipe/3-hour-burger
https://tasty.co/recipe/fettuccine-alfredo-stuffed-garlic-bread,https://tasty.co/recipe/marranito-cookies
https://tasty.co/recipe/fettuccine-alfredo-stuffed-garlic-bread,https://tasty.co/recipe/bacon-wrapped-parmesan-garlic-knots
https://tasty.co/recipe/fettuccine-alfredo-stuffed-garlic-bread,https://tasty.co/recipe/homemade-no-egg-pasta-with-lemon-alfredo-sauce
https://tasty.co/recipe/fettuccine-alfredo-stuffed-garlic-bread,https://tasty.co/recipe/tasty-101-cinnamon-rolls
https://tasty.co/recipe/fettuccine-alfredo-stuffed-garlic-bread,https://tasty.co/recipe/vegan-tofu-bao-buns-with-pickled-vegetables
https://tasty.co/recipe/fettuccine-alfredo-stuffed-garlic-bread,https://tasty.co/recipe/cheddar-biscuit-chicken-pot-pie
https://tasty.co/recipe/fettuccine-alfredo-stuffed-garlic-bread,https://tasty.co/recipe/pumpkin-spice-latte-rolls
https://tasty.co/recipe/fettuccine-alfredo-stuffed-garlic-bread,https://tasty.co/recipe/virgin-islands-pates
https://tasty.co/recipe/fettuccine-alfredo-stuffed-garlic-bread,https://tasty.co/recipe/rainbow-sheet-pan-pizza
https://tasty.co/recipe/fettuccine-alfredo-stuffed-garlic-bread,https://tasty.co/recipe/brown-butter-sage-pierogi
https://tasty.co/recipe/fettuccine-alfredo-stuffed-garlic-bread,https://tasty.co/recipe/garden-vegetable-vegan-quiche
https://tasty.co/recipe/fettuccine-alfredo-stuffed-garlic-bread,https://tasty.co/recipe/deep-dish-pizza
https://tasty.co/recipe/fettuccine-alfredo-stuffed-garlic-bread,https://tasty.co/recipe/arugula-peach-and-goat-cheese-flatbread
https://tasty.co/recipe/whole-wheat-sandwich-bread,https://tasty.co/recipe/how-to-make-homemade-sourdough-bread
https://tasty.co/recipe/whole-wheat-sandwich-bread,https://tasty.co/recipe/sourdough-bread-for-beginners
https://tasty.co/recipe/whole-wheat-sandwich-bread,https://tasty.co/recipe/homemade-dutch-oven-bread
https://tasty.co/recipe/ries-gyoza,https://tasty.co/recipe/frying-pan-soup-dumplings
https://tasty.co/recipe/ries-gyoza,https://tasty.co/recipe/sanjanas-momo
https://tasty.co/recipe/kale-sweet-potato-and-onion-frittata,https://tasty.co/recipe/3-hour-burger
https://tasty.co/recipe/chicken-parmesan-as-made-by-chris-nasatrini,https://tasty.co/recipe/whiskey-glazed-chicken-and-shrimp-with-garlic-mashed-potatoes
https://tasty.co/recipe/chili-cheese-garlic-bread-rolls,https://tasty.co/recipe/hash-brown-bombs
https://tasty.co/recipe/chili-cheese-garlic-bread-rolls,https://tasty.co/recipe/yellow-squash-lasagna
https://tasty.co/recipe/ultimate-homemade-pizza,https://tasty.co/recipe/how-to-make-homemade-sourdough-bread
https://tasty.co/recipe/ultimate-homemade-pizza,https://tasty.co/recipe/the-ultimate-dinner-rolls
https://tasty.co/recipe/ultimate-homemade-pizza,https://tasty.co/recipe/pizza-dough
https://tasty.co/recipe/ultimate-homemade-pizza,https://tasty.co/recipe/kkwabaegi
https://tasty.co/recipe/ultimate-homemade-pizza,https://tasty.co/recipe/copycat-garlic-butter-breadsticks
https://tasty.co/recipe/ultimate-homemade-pizza,https://tasty.co/recipe/youtiao
https://tasty.co/recipe/ghanaian-jollof-rice-as-made-by-tei-hammond,https://tasty.co/recipe/dairy-free-vegetarian-stroganoff
https://tasty.co/recipe/ghanaian-jollof-rice-as-made-by-tei-hammond,https://tasty.co/recipe/one-pot-broccoli-cheddar-soup
https://tasty.co/recipe/buffalo-popcorn,https://tasty.co
https://tasty.co/recipe/chicken-lo-mein,https://tasty.co/recipe/sweet-potato-chicken-stir-fry-with-peanut-sauce
https://tasty.co/recipe/deep-fried-mini-calzones-panzarotti,https://tasty.co/recipe/bacon-wrapped-parmesan-garlic-knots
https://tasty.co/recipe/deep-fried-mini-calzones-panzarotti,https://tasty.co/recipe/chicken-alfredo-bread-boat
https://tasty.co/recipe/lasagna-party-ring,https://tasty.co/recipe/lasagna-dome
